,job,company,ssn,residence,current_location,blood_group,website,username,name,sex,address,mail,birthdate
0,청원 경찰,심문,140416-2233170,세종특별자치시 동대문구 선릉575가,"(Decimal('19.1916095'), Decimal('-39.935879'))",AB+,['http://www.gimgimi.kr/'],minsu64,김경수,M,세종특별자치시 성북구 가락695로,migyeongsong@live.com,1914-05-11
1,Aeronautical engineer,Williams-Thornton,546-55-3697,"2319 Brown Mountains Apt. 272
Kathleenmouth, CT 27534","(Decimal('-80.533431'), Decimal('-36.805920'))",O-,"['https://murray-fitzpatrick.org/', 'https://www.anderson-lopez.info/', 'https://ayers.info/']",ocollins,Karen Morales,F,"6137 Payne Meadows
East Jessicabury, DC 59526",wattskathryn@hotmail.com,1917-08-21
2,"Horticulturist, commercial","Barnett, Hicks and Wood",540-89-6847,"79725 Michael Ranch Apt. 425
Tuckerport, MT 73271","(Decimal('-41.192302'), Decimal('5.256728'))",O+,['https://walton-dyer.info/'],david55,Christopher Bell,M,"7720 Tyler Forge
Vasquezberg, IA 75053",igalloway@yahoo.com,1971-12-17
3,판사 및 검사,(주) 남박김,970406-2702228,제주특별자치도 제천시 가락058가,"(Decimal('63.669665'), Decimal('24.835302'))",O+,['https://ijo.net/'],ujunyeong,이선영,F,서울특별시 노원구 영동대627가,ji@naver.com,1915-09-02
4,Recruitment consultant,"Boyer, Dudley and Martin",153-96-7787,"8465 Adrian Shore
Penachester, IN 88840","(Decimal('62.7752435'), Decimal('35.814368'))",B+,"['https://www.bailey.com/', 'http://brown.info/', 'http://hull-espinoza.net/', 'https://www.alvarez.biz/']",jeremyhall,Ashley Jackson,F,"970 Hamilton Squares
Gregoryfort, GA 40910",hvega@yahoo.com,1970-11-09
5,유리제조 및 가공기 조작원,(유) 최,380315-2592349,부산광역시 동구 영동대로 (종수김면),"(Decimal('23.555403'), Decimal('90.513139'))",B-,['http://ibag.com/'],johaeun,김지현,F,광주광역시 영등포구 서초대73거리 (승민최김마을),gangmijeong@dreamwiz.com,2002-12-01
6,Health visitor,Robertson Group,434-72-7319,"5591 Cooke Plaza
East Catherine, IA 09707","(Decimal('-87.141344'), Decimal('153.185658'))",B+,"['https://www.cox-rogers.com/', 'https://brown.net/']",samanthamccarthy,Robert Winters,M,"54328 Danny Drives Suite 483
North Randall, HI 07773",christine27@yahoo.com,1935-07-16
7,Professor Emeritus,मजूमदार PLC,389-57-6686,"12/961 लीला नाम
बहादुरगढ-243744","(Decimal('-5.431308'), Decimal('-119.385550'))",O+,"['https://laal.com/', 'https://www.kunnddaa.com/', 'http://baaptt.net/']",kiaan28,"कृष्णा, अमर",M,"39/8142 मायरा सेनाधीश
चित्रकूट-433015",ddhiingraartn@yahoo.com,1949-11-27
8,Museum/gallery conservator,Johnson LLC,160-89-9631,"334 James Mews Apt. 592
East Jennifer, FL 14155","(Decimal('-25.165029'), Decimal('-94.761025'))",AB+,"['https://www.trevino.org/', 'https://www.miller.com/', 'http://nelson.net/', 'https://parker.com/']",nunezjamie,Christopher Welch,M,"430 Gibson Ranch Apt. 193
Dillonmouth, IL 54370",mark16@gmail.com,1960-12-07
9,Lexicographer,Johnson Ltd,558-95-4789,"461 Maria Mission Suite 231
Perkinston, NC 30844","(Decimal('-11.951884'), Decimal('169.380004'))",O-,"['http://www.knight.com/', 'https://www.buchanan.com/']",tweaver,Jocelyn Watson,F,"USCGC Thompson
FPO AA 79804",phillipsallen@hotmail.com,1906-06-19
10,"Designer, fashion/clothing",नूरानी and Sons,363-76-7698,"6/1 जयन्ती आचार्य
मोकोकचुंग-887269","(Decimal('-42.112664'), Decimal('47.496121'))",A+,"['https://mngl.com/', 'http://kulkrnnii-mllik.com/', 'http://www.mngl.com/', 'https://www.caudhrii-baaptt.net/']",mnglanaayaa,"महादेव, अनन्या",M,"4 जयदेव लाला
बहादुरगंज 463796",blaal@yahoo.com,1907-02-16
11,Theatre manager,Christensen-Nelson,621-71-7714,"2212 Curtis Via Suite 772
Kristiberg, CT 82806","(Decimal('63.345186'), Decimal('-64.854527'))",O-,"['http://morris-wilkinson.org/', 'http://www.zimmerman-stewart.biz/', 'https://www.davis.com/']",ucoleman,Karen Gonzalez,F,"71527 Stafford Rest
North Davidtown, WV 37089",yvonne28@gmail.com,1963-02-12
12,기타 건축마감관련 기능 종사원,(주) 전,160328-2073231,인천광역시 북구 봉은사17로 (영순김오마을),"(Decimal('55.2691715'), Decimal('129.404979'))",AB+,"['http://ju.kr/', 'http://www.noheo.com/', 'http://ju.org/']",seonghyeongim,김은서,F,경상남도 홍성군 가락로 (민지윤이면),hongjeongnam@nate.com,2016-01-30
13,"Merchandiser, retail","दारा, बापट and अरोड़ा",473-65-5987,"855 अवनी चौधरी
अहमदाबाद-285477","(Decimal('-1.6493375'), Decimal('-142.748947'))",A+,"['http://shirole.com/', 'https://ltaa.com/', 'http://baadaamii-dddhaal.biz/', 'https://raamllaa.biz/']",aacaaryanaayaa,ज्योत्सना सेनाधीश,F,"90/801 मंडल
मोकामा-143394",paarth38@gmail.com,1976-09-12
14,Facilities manager,"Arnold, Hampton and Phelps",682-99-1083,"PSC 2759, Box 3481
APO AP 28804","(Decimal('88.7676165'), Decimal('0.501129'))",O-,"['https://www.fuller.com/', 'http://wright.com/', 'https://murphy-morrison.com/']",colerodney,Kyle Singleton,M,"1188 Combs Track Suite 187
West Eugene, NY 67782",yfoster@yahoo.com,1970-05-19
15,TEFL teacher,जमानत-धालीवाल,393-04-3025,"776 पाटिल
हैदराबाद-037911","(Decimal('7.871594'), Decimal('-24.166708'))",AB-,"['http://husain.com/', 'http://hegdde-baaptt.com/', 'https://www.senaadhiish.com/', 'http://www.kunnddaa-raamshrmaa.org/']",aaruss28,इशान दवे,F,"7542 यश अरोड़ा
चिराला-800691",prnnvkumaar@hotmail.com,2003-07-24
16,Media planner,मंगत LLC,434-74-4587,"53/304 प्रेम शिरोळे
मोतिहारी 526299","(Decimal('-40.4563895'), Decimal('-93.207285'))",O-,"['https://ddaanii.com/', 'https://www.mnddl-duaa.info/']",pusspaa30,"नूरानी, अर्जुन",F,"2/5 मानदीप गर्ग
अखनूर 553856",krssnnnsvraa@hotmail.com,1953-03-01
17,교육 관리자,허김,170607-1844955,부산광역시 구로구 도산대길,"(Decimal('-70.195949'), Decimal('33.656136'))",B+,"['https://www.yu.kr/', 'https://yu.net/']",eunjigim,이수진,F,울산광역시 강서구 반포대로 (명숙지동),seonghyeon72@naver.com,1912-03-30
18,Barrister's clerk,"कृष्णन, खान and नूरानी",472-14-6844,"0386 दूबे
रानीताल-852686","(Decimal('-27.7041665'), Decimal('-96.927085'))",A+,"['https://www.bnaa.com/', 'https://www.chaabraa.com/', 'https://www.jmaant.com/', 'http://www.daadaa-kumaar.com/']",phrhaan89,"माने, प्रेम",F,"48/99 कुमार
अम्बाजी-668257",ankitaa89@gmail.com,1935-05-23
19,"Administrator, education","डार, अब्बासी and रामलला",318-52-1369,"315 इनाया दारा
अगरतला 264837","(Decimal('12.4860415'), Decimal('-40.432800'))",AB+,['http://maane.biz/'],shiroleltaa,आद्या नाम,F,"6/8 विआन गावित
विस्तारण-836123",vidyaabkssii@yahoo.com,1937-01-12
20,Location manager,मजूमदार-पाटिल,707-06-0003,"7988 हासन
बहादुरगंज 713487","(Decimal('-82.5479805'), Decimal('69.100966'))",O+,"['http://www.shrmaa-shrmaa.com/', 'https://diikssit.info/', 'https://www.gaaykvaadd.com/']",oahluvaaliyaa,अनन्या महाराज,M,"539 दादा
आदिलाबाद-811819",shriimaan@hotmail.com,1920-12-30
21,"Teacher, adult education",Ryan LLC,418-60-6153,"0637 Jeremiah View Apt. 494
Williamston, AR 93461","(Decimal('18.848181'), Decimal('91.825123'))",B-,"['http://www.newton.biz/', 'http://newman.com/', 'https://thomas.info/']",christopher85,Brian Riley,M,"40354 Lee Club
Ashleyshire, AZ 64008",christina87@hotmail.com,1920-04-20
22,Chiropractor,"अली, पाटिल and गावित",033-63-7899,"7/6 अदिती गणेश
जिससेबेलारी-574968","(Decimal('-15.965023'), Decimal('150.010744'))",O-,"['https://kumaar-daadaa.com/', 'http://kunnddaa-sinh.org/']",vijy43,इन्द्रजित बना,M,"7/9 लोदी
भागलपुर-418831",anaayaa13@hotmail.com,1951-12-24
23,Volunteer coordinator,मदन-चौहान,150-54-9537,"3 जयदेव बापट
मोकोकचुंग-875780","(Decimal('-85.614928'), Decimal('-71.949667'))",A-,"['https://www.loknaattyon.com/', 'https://www.khaan.net/', 'http://www.baaptt-jmaant.org/', 'http://www.shirole.com/']",tnviilaalaa,ललित धालीवाल,F,"1354 बालकृष्णन
चिराला-633121",idiikssit@hotmail.com,2012-08-06
24,Consulting civil engineer,"रामलला, लूथरा and कुण्डा",894-33-4834,"4 माने
चित्तूर 641156","(Decimal('-37.7452755'), Decimal('165.305223'))",B-,"['https://mjuumdaar.com/', 'https://www.ahluvaaliyaa-mnddl.com/', 'https://hegdde.com/', 'https://mhaaviir.com/']",kumaarii30,"मणि, मानदीप",M,"25/114 अग्रवाल
दादरा और नगर हवेली-600934",xdddhaal@hotmail.com,1988-03-07
25,컴퓨터 보안 전문가,주식회사 김,280920-2863670,세종특별자치시 성북구 역삼거리,"(Decimal('-6.535360'), Decimal('-157.604841'))",AB+,"['https://gohai.kr/', 'http://ii.org/']",yeongil52,최선영,F,인천광역시 노원구 압구정02길 (경수장엄읍),fgweon@live.com,1931-04-24
26,Diplomatic Services operational officer,"Ingram, Barton and Robles",286-78-2884,"0226 Gonzalez Mountains
North Danielfort, MN 38086","(Decimal('30.1030025'), Decimal('41.116996'))",A+,['https://hamilton.info/'],bryantheidi,Jane Castro,F,"9756 Murray Shore
Lake Shawn, DC 20154",rcampbell@hotmail.com,1918-04-04
27,Dancer,छाबरा PLC,293-93-8140,"3/3 अनाया बक्षी
बहादुरगढ 420979","(Decimal('43.3666695'), Decimal('-137.859610'))",AB-,['https://naam.org/'],anikaavikaavi,"कृष्णा, पुष्पा",M,"13/7624 बादामी
अमरावती-775161",dgaaykvaadd@hotmail.com,1940-08-27
28,콘크리트공,박백,860315-2942976,서울특별시 양천구 봉은사가 (서연김리),"(Decimal('-11.630687'), Decimal('127.240140'))",B+,"['https://yuhanhoesa.net/', 'http://www.noan.com/', 'http://yu.kr/', 'http://jusighoesa.com/']",seoyeongi,정현우,M,충청남도 파주시 언주81길 (시우이읍),miyeonghong@daum.net,1906-07-28
29,"Producer, radio","Tate, Kent and Curry",175-33-9336,"USNS Barnes
FPO AA 19645","(Decimal('9.482140'), Decimal('70.427034'))",A-,"['http://www.castillo-stein.biz/', 'https://www.tucker-pierce.net/', 'http://herrera.com/', 'https://www.gentry.com/']",jessica67,April Pitts,F,"7167 Baker Hollow
Martinview, AL 42960",rlowe@gmail.com,1906-04-28
30,Higher education lecturer,Mcdonald-Duran,759-60-9047,"15972 James Mount Apt. 291
Brockview, MI 28783","(Decimal('-89.732167'), Decimal('-50.323378'))",O+,"['http://klein.com/', 'http://www.palmer-peters.com/', 'https://simpson-baker.net/']",ronaldmayo,April Luna,F,"0992 Lisa Square
Amberland, VA 05667",masonluis@hotmail.com,1973-08-12
31,Energy manager,मल्लिक-जोशी,742-78-1648,"202 मणि
चिरमिरी-550061","(Decimal('-78.2180685'), Decimal('81.807382'))",A-,"['https://gaangulii.com/', 'https://www.laalaa.biz/']",aavyaa11,"कृष्णमूर्ति, हनुमान्",F,"04/05 बना
देवास 007191",oddaanii@hotmail.com,2018-12-04
32,귀금속 및 보석 세공원,주식회사 이,700119-1204435,충청북도 금산군 봉은사길 (경자장면),"(Decimal('-38.0757955'), Decimal('39.982493'))",A-,"['https://baejang.kr/', 'http://www.jusighoesa.kr/', 'http://www.ju.kr/', 'https://www.yu.com/']",bo,박도윤,M,제주특별자치도 속초시 언주13로 (영수문동),jihu00@hotmail.com,1962-12-23
33,Research scientist (physical sciences),दयाल-अरोड़ा,782-96-0079,"73/0917 दत्ता
बहादुरगढ 228232","(Decimal('-2.520682'), Decimal('23.132876'))",B-,"['http://www.daaraa.biz/', 'http://www.baadaamii.org/']",ankitaavikaavi,आव्या रामशर्मा,F,"1 चौधरी
अम्बाजी-198319",mukesh20@yahoo.com,1981-02-22
34,Secondary school teacher,Spence-Rogers,158-42-0270,"68239 Stewart Plains Suite 748
Port Melody, KS 54118","(Decimal('7.100750'), Decimal('-116.865124'))",B-,"['http://colon-johnston.com/', 'https://berry.com/', 'http://www.evans.com/', 'https://wilson-morgan.com/']",fedwards,Daniel Hughes,M,"507 Hall Groves Apt. 252
Kaitlynside, HI 64196",xsmith@hotmail.com,1973-05-07
35,사서 및 기록물관리사,장남송,610025-1748166,전라남도 서산시 서초중앙5로,"(Decimal('59.4324355'), Decimal('-58.069899'))",A+,"['http://yu.org/', 'https://www.hwanggim.com/']",eunjeonggim,이지아,F,서울특별시 강서구 잠실187로,ti@naver.com,1909-09-23
36,Haematologist,अली-मगर,803-36-5976,"980 किरण मान
चिपलुन 396373","(Decimal('12.8752485'), Decimal('-25.651508'))",B-,['http://kumaar.com/'],annyaamhaaraaj,"भारत, शक्ति",M,"794 चौधरी
फतहपुर 115558",kumaariivaal@hotmail.com,1971-08-04
37,상품중개인 및 경매사,(유) 서,970022-1578527,강원도 군포시 석촌호수길,"(Decimal('60.757531'), Decimal('-44.703050'))",A+,['https://www.seocoegim.org/'],hyeonui,강선영,F,경기도 천안시 동남구 개포945로,yejungim@live.com,1952-04-11
38,"Therapist, music",कुमार Group,549-13-7922,"8 अयान मंगल
हैदराबाद 099492","(Decimal('19.905458'), Decimal('-152.882142'))",B-,"['http://shirole.com/', 'https://www.guptaa.net/', 'https://www.aahuujaa.com/']",krssnnmuurtirohn,कालिदास पाटिल,M,"5 अयान कुमार
भागलपुर-768561",anaayaa13@hotmail.com,1995-02-15
39,주조원,최김,100114-1382697,제주특별자치도 아산시 도산대6로,"(Decimal('26.465870'), Decimal('156.581939'))",B+,"['http://www.yu.com/', 'https://www.yu.com/', 'http://www.icoe.com/']",zbag,이상현,M,경기도 김포시 논현거리,gimjihye@nate.com,1959-04-09
40,Drilling engineer,छाबरा-भारत,867-07-2904,"9356 लाल
चित्रकूट 632558","(Decimal('-25.003567'), Decimal('17.719638'))",B+,"['http://www.krssnnn-vphaadaar.biz/', 'http://mnddl-cauhaan.com/', 'https://www.gaavit.biz/', 'https://www.baaptt-dossii.com/']",aadyaamngt,विवान वफादार,M,"0251 अंकुर लता
जिलोंपर-955814",isenaadhiish@hotmail.com,1919-10-21
41,데이터베이스 개발자,주식회사 이,660700-2380081,세종특별자치시 용산구 테헤란3길 (진우고면),"(Decimal('-67.9282895'), Decimal('44.612810'))",B-,['http://ju.com/'],sangceolgim,유유진,F,충청북도 안양시 반포대82거리 (중수김동),ti@hotmail.com,1957-09-29
42,대학 시간강사,주식회사 이,180113-2558659,대구광역시 도봉구 도산대26길 (지우이마을),"(Decimal('44.5468895'), Decimal('-13.697606'))",B-,"['https://www.gweonbagbag.com/', 'https://www.yuhanhoesa.org/']",eunyeong07,김서현,F,경상북도 수원시 영통구 봉은사로 (현정김마을),yejin84@daum.net,1975-08-30
43,Newspaper journalist,Johnson-Fischer,225-76-8532,"54578 Jones Springs Suite 441
West Jonathonville, ID 72940","(Decimal('18.577768'), Decimal('8.221410'))",A+,"['https://sharp.info/', 'https://kelley.biz/']",shannon53,Denise Vargas,F,"099 Rose Manor
Adamston, PA 51506",rogerklein@hotmail.com,1920-06-02
44,통신서비스판매원,(유) 문고김,460220-2430818,대구광역시 금천구 잠실2가,"(Decimal('-37.2280955'), Decimal('94.630557'))",AB-,"['http://imungim.com/', 'http://gimigim.org/', 'http://yu.com/', 'https://www.iigim.org/']",byeongceol12,김수진,F,광주광역시 구로구 양재천거리,junyeongjeong@live.com,1974-04-08
45,전기/전자 및 기계 공학 시험원,유한회사 문김박,620504-1684823,경상남도 삼척시 도산대가,"(Decimal('24.6315285'), Decimal('-62.477811'))",O+,"['http://yuhanhoesa.com/', 'http://gimbag.com/', 'https://yu.kr/']",ucoe,박예진,F,대구광역시 양천구 오금가 (영호김김리),ybag@hotmail.com,1947-10-16
46,"Programmer, applications",Long PLC,494-84-8912,"54845 Matthew Forge
East Erin, CT 44540","(Decimal('35.4857725'), Decimal('83.415778'))",B-,"['http://jones.org/', 'https://gordon.com/', 'https://hale.org/']",joshuawagner,Thomas Chan,M,"62059 Robert Center Apt. 013
South Willieberg, CA 14336",millerjennifer@yahoo.com,1923-07-05
47,기업고위임원,(유) 최,630126-1971187,제주특별자치도 철원군 학동2거리 (경수박리),"(Decimal('-12.921686'), Decimal('-105.228746'))",A-,"['https://ansong.com/', 'https://www.gimbag.kr/']",sanghungim,서상훈,M,충청북도 수원시 영통구 역삼19길,yunseo65@nate.com,1991-08-25
48,경기감독 및 코치,(주) 김윤김,140620-2675173,강원도 홍성군 석촌호수로,"(Decimal('52.3611075'), Decimal('-148.513698'))",O+,['http://www.iseogim.net/'],gwangsuhan,신중수,M,인천광역시 성동구 논현거리 (지우김김동),geonui@gmail.com,1958-12-01
49,"Designer, television/film set","लाला, पाटिल and कुण्डा",707-43-1380,"706 शिरोळे
लखनऊ-924571","(Decimal('43.130047'), Decimal('-3.112925'))",AB-,"['https://www.bkssii.com/', 'http://www.dhaaliivaal.com/', 'http://www.gaavit.biz/']",divyaalaalaa,"मंडल, रिज़वान",F,"80/2779 बसु
अमरोहा-527928",indu59@hotmail.com,1961-09-29
50,Therapeutic radiographer,Herrera LLC,283-58-8473,"9166 Hart Coves
Tapiahaven, WI 90418","(Decimal('4.277803'), Decimal('8.951163'))",A+,"['https://alexander.com/', 'http://www.jones.info/', 'https://www.salinas.com/']",rosserin,Gabriella Watson,F,"97988 Gary Run Suite 111
New Lindseystad, WY 47126",lthomas@yahoo.com,1983-11-22
51,Barrister's clerk,Kaufman Ltd,286-94-9456,"4623 Hansen Road Suite 876
Port Andrew, DE 01709","(Decimal('-30.6611065'), Decimal('119.720589'))",O-,['https://www.ross.com/'],johnandrews,Mikayla Wall MD,F,"23818 Janice Fields Suite 601
Douglasshire, IL 87731",valeriebarajas@hotmail.com,1983-04-03
52,Veterinary surgeon,"वफादार, गणेश and अहलुवालिया",816-77-2599,"57/1162 अनुपम खान
अलीगढ 312747","(Decimal('-49.429752'), Decimal('-89.799963'))",AB-,"['http://www.bkssii.com/', 'https://mngl.com/', 'http://www.grg-duube.com/']",fmllik,चन्दना महादेव,F,"71/4021 गावित
जिलोंपर-522438",baalaasubrmnniymindu@hotmail.com,1932-05-18
53,어부 및 해녀,(유) 장,380218-1853332,경기도 부천시 학동65가 (성민양면),"(Decimal('-20.561892'), Decimal('-27.881697'))",O+,"['http://sonbag.org/', 'http://www.nammun.com/', 'http://www.jusighoesa.com/']",gwangsubag,김광수,M,광주광역시 송파구 서초중앙23길 (미정이윤읍),ri@live.com,1995-01-23
54,Broadcast journalist,"सिंह, बजाज and काले",258-65-5593,"997 नाम
अन्तर्गत-134984","(Decimal('64.4086845'), Decimal('-149.080468'))",B+,"['https://www.mllik.com/', 'https://www.dyaal-aahuujaa.info/', 'http://www.caudhrii.biz/', 'https://jmaant.com/']",rcnaa92,सावित्री शर्मा,F,"3 गणेश
अलीगढ-263821",amaayraa46@hotmail.com,1927-04-25
55,Dance movement psychotherapist,विकावि-भारत,433-15-2993,"7 अनाया बालासुब्रमणियम
अमरपुर-326644","(Decimal('-1.585598'), Decimal('-168.578231'))",AB-,"['http://www.krssnnaa.net/', 'http://vikaavi.info/', 'http://daadaa-baabuu.com/', 'https://pusskr-bhnddaarii.org/']",ltaaaditii,"नाम, चेतना",M,"33 अनाया भंडारी
पाकाला 290364",kmboj55@gmail.com,1905-05-30
56,영상/녹화 및 편집 기사,손박최,910523-1782493,충청남도 포천시 가락071로 (명숙주강면),"(Decimal('-81.3634025'), Decimal('-34.035270'))",B-,['http://iigim.com/'],seoyeong44,전미영,F,부산광역시 영등포구 백제고분길 (영식이리),eungyeong75@hotmail.com,1928-02-18
57,Contractor,"Aguirre, Collins and Boyd",736-27-9791,"5496 Walter Circles
Jenniferhaven, NM 40286","(Decimal('55.1896425'), Decimal('-98.377065'))",AB+,"['https://johnson-baker.org/', 'http://www.bond.com/']",kristyshelton,Brandon Banks,M,"0995 Jones Fork Suite 335
New Nancy, OR 30974",annettewalker@gmail.com,2009-10-08
58,Museum/gallery exhibitions officer,Lambert-Gonzalez,292-58-2319,"054 Harris Ford Suite 605
Morrisview, SD 19193","(Decimal('-62.675729'), Decimal('-3.217313'))",A+,"['https://powell.com/', 'http://ellis.com/', 'http://www.krueger.com/', 'https://wilson-stephens.com/']",daniel73,Mr. Mark Figueroa MD,M,"10520 Elizabeth Gardens
Susanbury, NY 90083",davidroman@gmail.com,1948-08-05
59,제품 생산관련 관리자,송김최,220708-1153019,세종특별자치시 종로구 양재천48길,"(Decimal('-47.918007'), Decimal('101.680035'))",A-,"['https://www.baghanhwang.kr/', 'http://hanmun.kr/']",wgim,윤보람,F,광주광역시 중랑구 서초중앙거리,cgim@daum.net,1939-04-16
60,Archaeologist,भारत-कृष्णा,080-58-2281,"88/391 रामलला
बचेली-450608","(Decimal('-5.507681'), Decimal('140.950673'))",AB+,"['http://www.kumaar.com/', 'https://abbaasii-saayaa.com/', 'https://www.gaaykvaadd.com/']",rtn38,"चौधरी, रचना",F,"11/661 अमिता शिरोळे
बचेली 786091",ydaaraa@yahoo.com,1966-06-19
61,치과 의사,홍이,610929-2280807,충청북도 공주시 테헤란가,"(Decimal('25.9840375'), Decimal('-137.352070'))",O+,"['https://www.yu.kr/', 'https://baegju.kr/', 'https://www.gimgim.org/']",seojinu,김성진,M,서울특별시 노원구 테헤란6가 (성민최마을),gimyeonghwan@daum.net,1990-02-24
62,철로 설치 및 보수원,김심,110210-2752539,충청남도 천안시 서북구 개포472거리,"(Decimal('-77.9088005'), Decimal('-98.860787'))",O-,"['https://hongigim.com/', 'http://www.seoi.kr/', 'https://jusighoesa.kr/']",to,김성민,M,부산광역시 동구 서초중앙가,gyeongsucoe@nate.com,1983-12-14
63,Health service manager,पुष्कर Group,667-35-4451,"50/04 लूथरा
अमरपुर-025330","(Decimal('-19.4902235'), Decimal('-104.821071'))",AB-,['http://krssnnmuurti.com/'],aaruss44,रिया बालासुब्रमणियम,F,"25/3895 कम्बोज महाराज
अनंतनाग 672832",gaaykvaaddraayn@yahoo.com,1909-11-19
64,"Psychologist, sport and exercise","बाबू, डानी and अली",535-77-2287,"393 जयन्ती रामलला
अगरतला-250683","(Decimal('-9.9722505'), Decimal('-80.661558'))",B+,"['https://www.mdn.com/', 'http://loknaattyon.net/']",baabuusaaii,प्रणव भंडारी,F,"99/69 मोहिनी बालकृष्णन
जिलोंपर 622393",prdiipgnnesh@hotmail.com,2014-10-20
65,Market researcher,"Martin, Frye and Wilson",066-03-0521,"352 Krista Canyon
Elliottstad, IA 75734","(Decimal('-82.1828865'), Decimal('-49.708397'))",B+,"['http://collins.com/', 'http://www.green-thomas.org/']",jacobwiggins,Margaret Hernandez,F,"79637 Jill Drive Apt. 816
Smithhaven, OK 92357",ulewis@yahoo.com,1966-12-09
66,컴퓨터 보안 전문가,주식회사 신이조,460106-2088150,전라북도 성남시 수정구 테헤란6로 (서영이안면),"(Decimal('-64.1912185'), Decimal('152.005981'))",A+,"['https://www.jusighoesa.net/', 'http://www.gimgogim.org/']",abag,김하윤,F,대구광역시 관악구 논현41길,junhyeog06@dreamwiz.com,1994-10-06
67,변리사,김이김,140710-1999672,전라북도 부천시 오정구 선릉가 (정자박허리),"(Decimal('-15.0581785'), Decimal('-125.828903'))",A+,['http://www.jusighoesa.com/'],ihaeun,곽현주,F,대구광역시 성북구 서초대052거리 (서현이이면),gimjimin@gmail.com,1916-06-26
68,"Engineer, petroleum",Klein and Sons,720-19-8821,"889 Adam Trail Suite 121
West Andreaport, SD 99866","(Decimal('-68.113556'), Decimal('117.083548'))",B+,"['https://www.williams-herring.info/', 'https://fowler.com/']",travis08,Kristen Foster,F,"735 Mary Spurs Apt. 920
East Misty, ND 47365",idavis@hotmail.com,1986-11-04
69,기타 이미용/예식 및 의료보조 서비스 종사원,안양이,050521-2375379,부산광역시 동구 도산대로,"(Decimal('88.971155'), Decimal('93.749086'))",A+,"['https://www.yu.com/', 'http://gimjeong.org/', 'http://www.honghwangheo.kr/', 'https://ju.com/']",jgim,류정호,M,울산광역시 광진구 백제고분로,seoyun47@dreamwiz.com,2013-12-14
70,"Radiographer, therapeutic",डार-शिरोळे,262-73-4590,"88/5948 विकावि
अमरावती 167074","(Decimal('-46.181800'), Decimal('-154.570939'))",O-,"['https://chaabraa.com/', 'https://mllik-mjuumdaar.com/', 'https://www.mnddl.biz/']",divyaalodii,ईवा भारत,F,"23/8975 पार्थ साया
चक्रधरपुर 485591",babbaasii@gmail.com,1909-01-12
71,"Surveyor, building",Pennington-Edwards,625-26-8167,"PSC 4596, Box 9775
APO AP 77803","(Decimal('-48.7028825'), Decimal('-99.374419'))",AB+,['http://www.payne.com/'],shawnmartinez,Adrienne Spencer,F,"6667 Ellis Spring
Hendersonville, IL 07952",osmith@hotmail.com,2009-11-06
72,Civil Service administrator,"Spencer, Bishop and Rodgers",613-25-2675,"323 Alexander Greens Suite 269
South Lindsey, MD 79865","(Decimal('-2.816386'), Decimal('-66.191801'))",AB-,"['http://nelson.com/', 'http://www.morales.com/']",plucas,Richard Peterson,M,"4425 Gonzalez Forest
Michelleport, NM 21598",bellelizabeth@gmail.com,2005-09-09
73,한식 주방장 및 조리사,주식회사 황,930117-1961101,울산광역시 강북구 삼성6로,"(Decimal('-11.4191275'), Decimal('54.453828'))",B-,"['https://www.nobaggim.com/', 'http://nogweonno.net/', 'https://www.yuhanhoesa.com/', 'http://gimbaggim.com/']",jungsusong,이경희,F,경상북도 안양시 만안구 삼성가 (상현민이리),coejihun@daum.net,1912-04-05
74,Cartographer,पुष्कर-लूथरा,482-12-8580,"9 जितेन्द्र बाबू
अन्तर्गत 661781","(Decimal('7.0271255'), Decimal('-106.712362'))",O+,['https://arodddhaa-raamllaa.com/'],ltaabaaptt,कम्बोज दीक्षित,M,"80/464 खान
खडगपुर 573463",baabuuvijyaa@gmail.com,2018-10-19
75,Pensions consultant,Hutchinson-Alexander,201-83-4811,"5399 Jones Summit
East Rebecca, IA 91630","(Decimal('2.9005845'), Decimal('-74.687675'))",B+,"['http://www.johnson-zimmerman.com/', 'http://cain-allen.org/', 'http://gonzalez-smith.info/', 'https://duncan-bautista.net/']",alyssa26,Jennifer Tyler,F,"16701 Emily Vista
North Janice, AK 91248",laura98@gmail.com,2018-05-10
76,육류/어패류 및 낙농품 가공 기계조작원,(유) 최,780818-2765446,대전광역시 서구 서초중앙길,"(Decimal('-69.5243805'), Decimal('53.572425'))",O+,"['https://www.baggimgang.kr/', 'https://www.gangigu.org/', 'http://yanggimgim.net/', 'http://jusighoesa.com/']",iyunseo,박서준,M,전라남도 남양주시 반포대로 (은정최면),mijeonggim@nate.com,1971-06-26
77,예능 강사,주식회사 김박김,420117-2533492,부산광역시 동구 양재천44로,"(Decimal('73.3631725'), Decimal('102.187048'))",A-,"['https://www.jusighoesa.com/', 'https://yuhanhoesa.net/']",yeongsug74,이준영,M,전라북도 태백시 언주가,yejincoe@daum.net,1955-09-10
78,안내 / 접수 사무원 및 전화교환원,강김,150015-2322506,대전광역시 송파구 삼성가 (도윤이권마을),"(Decimal('42.789015'), Decimal('-49.156262'))",O+,"['https://ju.kr/', 'http://jusighoesa.net/', 'https://coegim.net/']",ggim,김순자,F,대전광역시 강서구 백제고분926길 (영일김읍),jiyeon25@gmail.com,1964-01-01
79,의무기록사,이장,780617-2856351,대구광역시 구로구 선릉길,"(Decimal('24.1825165'), Decimal('54.005470'))",B-,"['https://yu.com/', 'https://www.ryuheo.org/', 'https://yu.com/', 'http://www.yungimgim.com/']",bagjaeho,권서윤,F,경기도 평창군 서초대4거리,osong@nate.com,1935-09-11
80,항공기 객실승무원,김서이,310205-2175733,대전광역시 서대문구 역삼947길,"(Decimal('32.411104'), Decimal('-108.882858'))",A-,['https://yuhanhoesa.com/'],yejinsim,장성현,M,울산광역시 양천구 백제고분661길 (성수임면),fgim@live.com,1915-07-13
81,Museum education officer,"साया, कुमार and काले",123-26-1682,"26/0811 ज़ाकिर कुमार
अमरावती 583812","(Decimal('15.888698'), Decimal('-108.540507'))",O-,"['https://www.laalaa.com/', 'https://husain-husain.com/', 'https://www.ahluvaaliyaa.com/']",liilaavphaadaar,अली मगर,M,"71/9260 गांगुली
अलांग 765524",hshrmaa@yahoo.com,1905-10-10
82,"Education officer, museum",चौहान PLC,669-48-2889,"70/832 अखिल मजूमदार
पाकाला-695672","(Decimal('64.2571565'), Decimal('-47.468820'))",AB+,"['https://gaaykvaadd.com/', 'http://www.mnddl.net/', 'http://gnnesh.com/']",rtn47,रेयांश कृष्णन,F,"94 पुष्पा डार
फतेहगढ 784359",hvikaavi@gmail.com,1920-01-06
83,"Psychologist, educational",Long Ltd,563-65-7961,"0605 Gutierrez Brook Suite 796
Andrewburgh, GA 51005","(Decimal('48.499336'), Decimal('-96.463131'))",O+,"['http://alvarez-white.biz/', 'https://www.walters.com/']",jacobduke,Nicholas Baker,M,"59558 Vanessa Road
Port Patricia, VT 39756",rosalesjohn@gmail.com,2015-02-08
84,Ranger/warden,Moon Inc,333-72-3146,"9938 Hill Highway Suite 531
Roachport, NJ 47346","(Decimal('16.2691655'), Decimal('10.463741'))",AB-,"['https://brown.biz/', 'http://davis-chapman.com/', 'http://mcbride-guzman.com/']",christopher70,Jonathan Collins,M,"241 Carolyn River
Lake Ashleyfurt, MN 34375",zbruce@yahoo.com,1938-08-27
85,성직자,오한차,020322-1472635,인천광역시 강남구 잠실로,"(Decimal('85.998161'), Decimal('9.691363'))",AB-,['http://noji.org/'],gyeongsugi,양선영,F,대전광역시 북구 압구정가 (승현박김동),yejun45@nate.com,1966-11-11
86,Insurance risk surveyor,"धालीवाल, माने and माने",253-08-7643,"513 अब्बासी
मोकामा-515794","(Decimal('52.984667'), Decimal('-54.986002'))",A+,"['https://caudhrii-dhaaliivaal.com/', 'http://www.shirole-jmaant.com/', 'http://www.hegdde.com/']",aadyaa09,"गुप्ता, एषा",M,"72/794 जमानत
सभापतिने-371490",shrmaarjnii@hotmail.com,1946-04-25
87,Biomedical scientist,Lynn-Quinn,527-07-0718,"276 David Flat Apt. 337
Port Eric, NE 22316","(Decimal('5.3546045'), Decimal('139.636964'))",O-,"['https://www.king-green.com/', 'https://www.roberts-williams.com/', 'https://hall-miller.com/', 'http://www.cole.info/']",natalie81,Timothy Kim,M,"Unit 3959 Box 0017
DPO AP 48126",pottsjohn@hotmail.com,1994-08-14
88,Commissioning editor,"साया, मंगल and बालकृष्णन",319-04-7286,"085 अद्वैत मगर
बचेली-920456","(Decimal('1.875430'), Decimal('-62.488666'))",B-,"['https://www.haasn.net/', 'http://www.mnni-sinh.net/', 'https://mngl-maane.com/', 'http://www.nuuraanii-bhnddaarii.com/']",ebaadaamii,"अरोड़ा, अथर्व",M,"17/1903 मायरा कुण्डा
अहमदनगर 345842",vshriiviml@gmail.com,2013-05-19
89,Chartered accountant,लोकनाट्यों-अग्रवाल,317-24-1450,"2/8 आन्वी जमानत
चक्रधरपुर-167675","(Decimal('22.271172'), Decimal('84.058232'))",B-,"['http://dhaaliivaal-mgr.net/', 'https://dhaaliivaal.org/', 'http://www.lodii-chaabraa.net/']",fddaar,रतन मजूमदार,M,"6918 भरत कुलकर्णी
अगरतला-412515",aahuujaadivyaa@gmail.com,2016-04-29
90,Professor Emeritus,बापट-मजूमदार,332-21-0213,"66/336 दूबे
अम्बाजी-561525","(Decimal('-67.270856'), Decimal('-60.475663'))",O-,['http://www.daadaa-dyaal.com/'],hnumaan91,गणेश गणेश,F,"21/03 दीक्षित
देवास 396746",srlaashirole@hotmail.com,1936-12-27
91,Chartered public finance accountant,Romero LLC,785-59-6207,"0585 Janice Court Suite 304
Port Robertchester, WI 68296","(Decimal('68.0635035'), Decimal('-34.755001'))",AB-,"['http://gomez-boone.com/', 'https://zimmerman-simmons.com/']",michaelwagner,Patrick Adams,M,"62475 Alex Cove Suite 162
North Karenside, CO 12384",ugardner@hotmail.com,1913-05-08
92,Television camera operator,Brown and Sons,440-19-5991,"31125 Joshua Roads Apt. 440
Lake David, RI 45605","(Decimal('22.132239'), Decimal('7.080234'))",O+,"['http://www.perry-diaz.com/', 'https://www.patel.com/']",bradshawjames,Kristin Brown,F,"1815 Harrison Trail
Martinezshire, AZ 11512",ramirezalicia@gmail.com,1968-11-04
93,"Accountant, chartered certified","दवे, मगर and बादामी",302-37-1463,"653 जमानत
अनंतनाग-605258","(Decimal('62.1509775'), Decimal('117.009813'))",AB-,"['http://raamshrmaa.com/', 'https://www.mhaajn.org/']",baapttysh,निखिल मान,F,"3 दिव्या कुमार
चंबा 504862",nabbaasii@yahoo.com,1919-11-05
94,"Designer, television/film set","गायकवाड, बक्षी and महावीर",371-62-4587,"41/71 डानी
लखनऊ 833058","(Decimal('76.5816455'), Decimal('-141.181305'))",AB-,"['http://www.dddhaal.net/', 'https://www.krssnnn.com/', 'https://duaa.com/', 'http://www.dttaa.com/']",shkti55,विजया रामशर्मा,F,"01/50 पाटिल
फतहपुर 391531",annyaa16@yahoo.com,1934-01-20
95,환경공학 시험원,(유) 김,720017-1692704,강원도 아산시 학동길,"(Decimal('61.0792685'), Decimal('-150.119096'))",AB+,"['http://yuhanhoesa.net/', 'http://jusighoesa.net/', 'http://www.yu.com/', 'http://igim.org/']",gimyunseo,박지영,F,제주특별자치도 영동군 역삼로 (동현김읍),jieungim@gmail.com,2004-01-06
96,"Civil engineer, contracting","महावीर, दत्ता and शिरोळे",893-33-8408,"55/0637 शान्ता बालकृष्णन
जिलोंपर-076462","(Decimal('78.5329845'), Decimal('-14.484323'))",AB-,['http://www.maan.com/'],shnaayaagaangulii,रिज़वान ड़ाल,F,"62/5465 अभिलाषा मणि
चिरमिरी-050003",khaanjitendr@gmail.com,1935-08-17
97,Marine scientist,"सेनाधीश, जोशी and दीक्षित",852-80-7502,"9913 काले
अलांग 569902","(Decimal('-50.957161'), Decimal('-112.534272'))",O-,"['http://www.bjaaj.org/', 'https://www.saayaa-naam.com/']",krssnnmuurtirijvaan,रतन मल्लिक,M,"81/394 अंकुर गुप्ता
लखनऊ 669604",vidyaa18@hotmail.com,1974-10-30
98,Trade union research officer,"Li, Howard and Anderson",719-28-9555,"911 Johnson Valley
Charlestown, MD 27873","(Decimal('55.944124'), Decimal('125.651363'))",A+,"['http://www.williams.net/', 'http://lopez-white.net/', 'https://welch.com/']",andrewshaw,Aaron Johnson,M,"7263 Jeffrey Estate
Port John, RI 94536",phillipsthomas@gmail.com,1983-05-29
99,매표원 및 복권 판매원,(주) 전,250701-2958974,서울특별시 성동구 서초대678로 (순자김백리),"(Decimal('64.6754565'), Decimal('-134.047487'))",B-,['http://www.yu.kr/'],yejun87,구은경,F,전라남도 안양시 동안구 선릉8가 (경수성김동),eunyeong04@gmail.com,1914-10-20
